ref,stim1,stim2,stim3,stim4,stim5,stim6,stim7,stim8,clicks,clicked_stimuli,participant,session,date,expName,psychopyVersion,frameRate
elephant,lizard,ladybug,ant,whale,cat,goat,hog,turkey,"['stim4', 'stim7', 'stim1', 'stim6', 'stim5', 'stim8', 'stim3', 'stim2']","['whale', 'hog', 'lizard', 'goat', 'cat', 'turkey', 'ant', 'ladybug']",S4,7,2021_Oct_20_1359,image_exp,3.2.4,60.03424533
horse,dolphin,ladybug,rat,snail,cat,pigeon,owl,turtle,"['stim1', 'stim5', 'stim3', 'stim8', 'stim7', 'stim6', 'stim4', 'stim2']","['dolphin', 'cat', 'rat', 'turtle', 'owl', 'pigeon', 'snail', 'ladybug']",S4,7,2021_Oct_20_1359,image_exp,3.2.4,60.03424533
cat,dog,dolphin,cow,sheep,snail,hog,butterfly,snake,"['stim1', 'stim4', 'stim3', 'stim6', 'stim2', 'stim8', 'stim5', 'stim7']","['dog', 'sheep', 'cow', 'hog', 'dolphin', 'snake', 'snail', 'butterfly']",S4,7,2021_Oct_20_1359,image_exp,3.2.4,60.03424533
rat,tiger,dog,lizard,crocodile,fox,sparrow,duck,bluebird,"['stim2', 'stim5', 'stim1', 'stim3', 'stim4', 'stim7', 'stim6', 'stim8']","['dog', 'fox', 'tiger', 'lizard', 'crocodile', 'duck', 'sparrow', 'bluebird']",S4,7,2021_Oct_20_1359,image_exp,3.2.4,60.03424533
turtle,monkey,tiger,dolphin,mouse,fox,frog,ladybug,bat,"['stim6', 'stim4', 'stim8', 'stim5', 'stim1', 'stim2', 'stim3', 'stim7']","['frog', 'mouse', 'bat', 'fox', 'monkey', 'tiger', 'dolphin', 'ladybug']",S4,7,2021_Oct_20_1359,image_exp,3.2.4,60.03424533
duck,dolphin,goat,monkey,snail,elephant,rat,cat,fox,"['stim6', 'stim7', 'stim2', 'stim8', 'stim5', 'stim3', 'stim4', 'stim1']","['rat', 'cat', 'goat', 'fox', 'elephant', 'monkey', 'snail', 'dolphin']",S4,7,2021_Oct_20_1359,image_exp,3.2.4,60.03424533
frog,duck,bear,turkey,sparrow,hog,cat,ant,bat,"['stim1', 'stim7', 'stim8', 'stim5', 'stim3', 'stim6', 'stim4', 'stim2']","['duck', 'ant', 'bat', 'hog', 'turkey', 'cat', 'sparrow', 'bear']",S4,7,2021_Oct_20_1359,image_exp,3.2.4,60.03424533
bluebird,rat,spider,shark,cat,snake,owl,monkey,dog,"['stim6', 'stim1', 'stim4', 'stim8', 'stim5', 'stim7', 'stim2', 'stim3']","['owl', 'rat', 'cat', 'dog', 'snake', 'monkey', 'spider', 'shark']",S4,7,2021_Oct_20_1359,image_exp,3.2.4,60.03424533
cow,tiger,frog,lizard,eagle,sparrow,rat,goldfish,turkey,"['stim6', 'stim1', 'stim8', 'stim3', 'stim2', 'stim4', 'stim5', 'stim7']","['rat', 'tiger', 'turkey', 'lizard', 'frog', 'eagle', 'sparrow', 'goldfish']",S4,7,2021_Oct_20_1359,image_exp,3.2.4,60.03424533
turkey,owl,cat,butterfly,snail,snake,mouse,giraffe,sheep,"['stim1', 'stim8', 'stim6', 'stim2', 'stim7', 'stim3', 'stim4', 'stim5']","['owl', 'sheep', 'mouse', 'cat', 'giraffe', 'butterfly', 'snail', 'snake']",S4,7,2021_Oct_20_1359,image_exp,3.2.4,60.03424533
snail,dolphin,ant,rat,tiger,cat,monkey,spider,cow,"['stim2', 'stim7', 'stim3', 'stim5', 'stim1', 'stim8', 'stim6', 'stim4']","['ant', 'spider', 'rat', 'cat', 'dolphin', 'cow', 'monkey', 'tiger']",S4,7,2021_Oct_20_1359,image_exp,3.2.4,60.03424533
giraffe,monkey,crocodile,bat,duck,turkey,ladybug,goat,pigeon,"['stim1', 'stim7', 'stim3', 'stim2', 'stim5', 'stim4', 'stim8', 'stim6']","['monkey', 'goat', 'bat', 'crocodile', 'turkey', 'duck', 'pigeon', 'ladybug']",S4,7,2021_Oct_20_1359,image_exp,3.2.4,60.03424533
eagle,pigeon,whale,cat,butterfly,goat,hog,duck,mouse,"['stim1', 'stim7', 'stim8', 'stim5', 'stim6', 'stim3', 'stim4', 'stim2']","['pigeon', 'duck', 'mouse', 'goat', 'hog', 'cat', 'butterfly', 'whale']",S4,7,2021_Oct_20_1359,image_exp,3.2.4,60.03424533
crocodile,bluebird,snake,rat,ant,horse,owl,snail,giraffe,"['stim7', 'stim2', 'stim3', 'stim5', 'stim8', 'stim4', 'stim6', 'stim1']","['snail', 'snake', 'rat', 'horse', 'giraffe', 'ant', 'owl', 'bluebird']",S4,7,2021_Oct_20_1359,image_exp,3.2.4,60.03424533
cat,goat,monkey,sheep,horse,dog,turtle,elephant,fox,"['stim5', 'stim1', 'stim3', 'stim8', 'stim4', 'stim2', 'stim7', 'stim6']","['dog', 'goat', 'sheep', 'fox', 'horse', 'monkey', 'elephant', 'turtle']",S4,7,2021_Oct_20_1359,image_exp,3.2.4,60.03424533
snail,turkey,duck,monkey,pigeon,ladybug,sparrow,fox,cat,"['stim5', 'stim2', 'stim1', 'stim6', 'stim4', 'stim8', 'stim7', 'stim3']","['ladybug', 'duck', 'turkey', 'sparrow', 'pigeon', 'cat', 'fox', 'monkey']",S4,7,2021_Oct_20_1359,image_exp,3.2.4,60.03424533
sparrow,dog,goat,pigeon,turkey,hog,shark,cat,turtle,"['stim3', 'stim4', 'stim7', 'stim5', 'stim2', 'stim8', 'stim1', 'stim6']","['pigeon', 'turkey', 'cat', 'hog', 'goat', 'turtle', 'dog', 'shark']",S4,7,2021_Oct_20_1359,image_exp,3.2.4,60.03424533
crocodile,cat,elephant,lizard,whale,sparrow,duck,rat,giraffe,"['stim3', 'stim2', 'stim7', 'stim1', 'stim8', 'stim6', 'stim4', 'stim5']","['lizard', 'elephant', 'rat', 'cat', 'giraffe', 'duck', 'whale', 'sparrow']",S4,7,2021_Oct_20_1359,image_exp,3.2.4,60.03424533
lizard,snake,bluebird,duck,mouse,butterfly,monkey,frog,sheep,"['stim7', 'stim1', 'stim4', 'stim3', 'stim2', 'stim8', 'stim5', 'stim6']","['frog', 'snake', 'mouse', 'duck', 'bluebird', 'sheep', 'butterfly', 'monkey']",S4,7,2021_Oct_20_1359,image_exp,3.2.4,60.03424533
spider,duck,rat,giraffe,ladybug,shark,butterfly,monkey,frog,"['stim6', 'stim4', 'stim8', 'stim2', 'stim1', 'stim7', 'stim3', 'stim5']","['butterfly', 'ladybug', 'frog', 'rat', 'duck', 'monkey', 'giraffe', 'shark']",S4,7,2021_Oct_20_1359,image_exp,3.2.4,60.03424533
dolphin,bat,turtle,bear,ladybug,tiger,sheep,fox,goat,"['stim5', 'stim3', 'stim8', 'stim6', 'stim7', 'stim1', 'stim2', 'stim4']","['tiger', 'bear', 'goat', 'sheep', 'fox', 'bat', 'turtle', 'ladybug']",S4,7,2021_Oct_20_1359,image_exp,3.2.4,60.03424533
turkey,crocodile,goldfish,elephant,lizard,hog,cow,fox,bear,"['stim5', 'stim6', 'stim7', 'stim4', 'stim1', 'stim8', 'stim3', 'stim2']","['hog', 'cow', 'fox', 'lizard', 'crocodile', 'bear', 'elephant', 'goldfish']",S4,7,2021_Oct_20_1359,image_exp,3.2.4,60.03424533
cow,ladybug,snake,goldfish,bat,frog,pigeon,duck,shark,"['stim4', 'stim7', 'stim5', 'stim8', 'stim6', 'stim2', 'stim1', 'stim3']","['bat', 'duck', 'frog', 'shark', 'pigeon', 'snake', 'ladybug', 'goldfish']",S4,7,2021_Oct_20_1359,image_exp,3.2.4,60.03424533
giraffe,ant,ladybug,dolphin,turkey,snake,owl,turtle,sparrow,"['stim3', 'stim4', 'stim6', 'stim7', 'stim5', 'stim8', 'stim1', 'stim2']","['dolphin', 'turkey', 'owl', 'turtle', 'snake', 'sparrow', 'ant', 'ladybug']",S4,7,2021_Oct_20_1359,image_exp,3.2.4,60.03424533
bluebird,elephant,whale,ladybug,snake,ant,shark,tiger,pigeon,"['stim8', 'stim3', 'stim4', 'stim5', 'stim1', 'stim7', 'stim2', 'stim6']","['pigeon', 'ladybug', 'snake', 'ant', 'elephant', 'tiger', 'whale', 'shark']",S4,7,2021_Oct_20_1359,image_exp,3.2.4,60.03424533
horse,eagle,tiger,fox,whale,bat,cow,monkey,mouse,"['stim6', 'stim7', 'stim2', 'stim3', 'stim8', 'stim5', 'stim4', 'stim1']","['cow', 'monkey', 'tiger', 'fox', 'mouse', 'bat', 'whale', 'eagle']",S4,7,2021_Oct_20_1359,image_exp,3.2.4,60.03424533
owl,goldfish,mouse,sheep,ladybug,snail,sparrow,goat,whale,"['stim6', 'stim2', 'stim7', 'stim3', 'stim4', 'stim1', 'stim8', 'stim5']","['sparrow', 'mouse', 'goat', 'sheep', 'ladybug', 'goldfish', 'whale', 'snail']",S4,7,2021_Oct_20_1359,image_exp,3.2.4,60.03424533
monkey,sheep,butterfly,bluebird,pigeon,snail,spider,whale,eagle,"['stim7', 'stim1', 'stim8', 'stim4', 'stim3', 'stim6', 'stim5', 'stim2']","['whale', 'sheep', 'eagle', 'pigeon', 'bluebird', 'spider', 'snail', 'butterfly']",S4,7,2021_Oct_20_1359,image_exp,3.2.4,60.03424533
hog,dolphin,pigeon,goat,frog,lizard,horse,duck,whale,"['stim3', 'stim6', 'stim1', 'stim7', 'stim5', 'stim4', 'stim8', 'stim2']","['goat', 'horse', 'dolphin', 'duck', 'lizard', 'frog', 'whale', 'pigeon']",S4,7,2021_Oct_20_1359,image_exp,3.2.4,60.03424533
sparrow,sheep,frog,lizard,cow,duck,crocodile,tiger,ant,"['stim5', 'stim3', 'stim2', 'stim1', 'stim4', 'stim6', 'stim8', 'stim7']","['duck', 'lizard', 'frog', 'sheep', 'cow', 'crocodile', 'ant', 'tiger']",S4,7,2021_Oct_20_1359,image_exp,3.2.4,60.03424533
dolphin,cow,turtle,tiger,ant,duck,spider,frog,bluebird,"['stim3', 'stim1', 'stim2', 'stim7', 'stim5', 'stim8', 'stim4', 'stim6']","['tiger', 'cow', 'turtle', 'frog', 'duck', 'bluebird', 'ant', 'spider']",S4,7,2021_Oct_20_1359,image_exp,3.2.4,60.03424533
fox,rat,crocodile,monkey,eagle,duck,cow,whale,dog,"['stim8', 'stim6', 'stim1', 'stim3', 'stim7', 'stim2', 'stim4', 'stim5']","['dog', 'cow', 'rat', 'monkey', 'whale', 'crocodile', 'eagle', 'duck']",S4,7,2021_Oct_20_1359,image_exp,3.2.4,60.03424533
frog,whale,ant,turtle,pigeon,dolphin,duck,horse,giraffe,"['stim3', 'stim6', 'stim2', 'stim4', 'stim5', 'stim7', 'stim8', 'stim1']","['turtle', 'duck', 'ant', 'pigeon', 'dolphin', 'horse', 'giraffe', 'whale']",S4,7,2021_Oct_20_1359,image_exp,3.2.4,60.03424533
goat,bear,cat,crocodile,bluebird,turtle,shark,butterfly,snake,"['stim2', 'stim1', 'stim5', 'stim3', 'stim4', 'stim8', 'stim6', 'stim7']","['cat', 'bear', 'turtle', 'crocodile', 'bluebird', 'snake', 'shark', 'butterfly']",S4,7,2021_Oct_20_1359,image_exp,3.2.4,60.03424533
monkey,rat,shark,fox,tiger,cow,duck,giraffe,ant,"['stim4', 'stim3', 'stim7', 'stim1', 'stim5', 'stim6', 'stim2', 'stim8']","['tiger', 'fox', 'giraffe', 'rat', 'cow', 'duck', 'shark', 'ant']",S4,7,2021_Oct_20_1359,image_exp,3.2.4,60.03424533
shark,goat,whale,dog,monkey,sparrow,cat,turkey,bear,"['stim2', 'stim8', 'stim4', 'stim3', 'stim1', 'stim6', 'stim7', 'stim5']","['whale', 'bear', 'monkey', 'dog', 'goat', 'cat', 'turkey', 'sparrow']",S4,7,2021_Oct_20_1359,image_exp,3.2.4,60.03424533
sheep,cow,butterfly,ant,bluebird,elephant,bat,goldfish,duck,"['stim1', 'stim5', 'stim6', 'stim8', 'stim4', 'stim3', 'stim2', 'stim7']","['cow', 'elephant', 'bat', 'duck', 'bluebird', 'ant', 'butterfly', 'goldfish']",S4,7,2021_Oct_20_1359,image_exp,3.2.4,60.03424533
eagle,hog,sparrow,turkey,cow,snail,frog,turtle,cat,"['stim3', 'stim2', 'stim8', 'stim1', 'stim4', 'stim6', 'stim7', 'stim5']","['turkey', 'sparrow', 'cat', 'hog', 'cow', 'frog', 'turtle', 'snail']",S4,7,2021_Oct_20_1359,image_exp,3.2.4,60.03424533
horse,giraffe,sheep,turkey,crocodile,owl,bluebird,goat,turtle,"['stim1', 'stim7', 'stim2', 'stim4', 'stim8', 'stim3', 'stim5', 'stim6']","['giraffe', 'goat', 'sheep', 'crocodile', 'turtle', 'turkey', 'owl', 'bluebird']",S4,7,2021_Oct_20_1359,image_exp,3.2.4,60.03424533
fox,dog,bluebird,eagle,snake,sparrow,horse,frog,pigeon,"['stim1', 'stim6', 'stim7', 'stim3', 'stim8', 'stim5', 'stim2', 'stim4']","['dog', 'horse', 'frog', 'eagle', 'pigeon', 'sparrow', 'bluebird', 'snake']",S4,7,2021_Oct_20_1359,image_exp,3.2.4,60.03424533
frog,butterfly,spider,snail,dog,fox,lizard,goldfish,sheep,"['stim6', 'stim3', 'stim2', 'stim1', 'stim7', 'stim8', 'stim5', 'stim4']","['lizard', 'snail', 'spider', 'butterfly', 'goldfish', 'sheep', 'fox', 'dog']",S4,7,2021_Oct_20_1359,image_exp,3.2.4,60.03424533
bear,butterfly,bat,frog,cat,goat,goldfish,snail,pigeon,"['stim4', 'stim5', 'stim2', 'stim3', 'stim8', 'stim7', 'stim6', 'stim1']","['cat', 'goat', 'bat', 'frog', 'pigeon', 'snail', 'goldfish', 'butterfly']",S4,7,2021_Oct_20_1359,image_exp,3.2.4,60.03424533
pigeon,crocodile,ladybug,sheep,fox,frog,whale,giraffe,bear,"['stim5', 'stim2', 'stim3', 'stim1', 'stim4', 'stim7', 'stim8', 'stim6']","['frog', 'ladybug', 'sheep', 'crocodile', 'fox', 'giraffe', 'bear', 'whale']",S4,7,2021_Oct_20_1359,image_exp,3.2.4,60.03424533
pigeon,ant,cow,dolphin,cat,rat,goldfish,spider,snail,"['stim5', 'stim2', 'stim4', 'stim8', 'stim6', 'stim3', 'stim1', 'stim7']","['rat', 'cow', 'cat', 'snail', 'goldfish', 'dolphin', 'ant', 'spider']",S4,7,2021_Oct_20_1359,image_exp,3.2.4,60.03424533
giraffe,rat,hog,mouse,whale,frog,sheep,cat,lizard,"['stim7', 'stim6', 'stim2', 'stim3', 'stim1', 'stim4', 'stim8', 'stim5']","['cat', 'sheep', 'hog', 'mouse', 'rat', 'whale', 'lizard', 'frog']",S4,7,2021_Oct_20_1359,image_exp,3.2.4,60.03424533
snake,butterfly,dolphin,ant,turtle,spider,sparrow,monkey,ladybug,"['stim4', 'stim3', 'stim5', 'stim1', 'stim8', 'stim2', 'stim6', 'stim7']","['turtle', 'ant', 'spider', 'butterfly', 'ladybug', 'dolphin', 'sparrow', 'monkey']",S4,7,2021_Oct_20_1359,image_exp,3.2.4,60.03424533
bear,cow,whale,goat,fox,snake,shark,spider,bat,"['stim3', 'stim1', 'stim4', 'stim2', 'stim8', 'stim6', 'stim7', 'stim5']","['goat', 'cow', 'fox', 'whale', 'bat', 'shark', 'spider', 'snake']",S4,7,2021_Oct_20_1359,image_exp,3.2.4,60.03424533
dog,owl,giraffe,cow,ladybug,pigeon,monkey,tiger,lizard,"['stim3', 'stim2', 'stim6', 'stim7', 'stim8', 'stim1', 'stim5', 'stim4']","['cow', 'giraffe', 'monkey', 'tiger', 'lizard', 'owl', 'pigeon', 'ladybug']",S4,7,2021_Oct_20_1359,image_exp,3.2.4,60.03424533
monkey,whale,ladybug,goat,bear,snail,hog,lizard,sparrow,"['stim3', 'stim6', 'stim4', 'stim1', 'stim7', 'stim8', 'stim5', 'stim2']","['goat', 'hog', 'bear', 'whale', 'lizard', 'sparrow', 'snail', 'ladybug']",S4,7,2021_Oct_20_1359,image_exp,3.2.4,60.03424533
elephant,eagle,rat,goat,sparrow,owl,ant,turtle,crocodile,"['stim3', 'stim2', 'stim8', 'stim7', 'stim1', 'stim5', 'stim4', 'stim6']","['goat', 'rat', 'crocodile', 'turtle', 'eagle', 'owl', 'sparrow', 'ant']",S4,7,2021_Oct_20_1359,image_exp,3.2.4,60.03424533
tiger,butterfly,bear,frog,bluebird,turkey,spider,owl,duck,"['stim2', 'stim5', 'stim7', 'stim8', 'stim4', 'stim3', 'stim6', 'stim1']","['bear', 'turkey', 'owl', 'duck', 'bluebird', 'frog', 'spider', 'butterfly']",S4,7,2021_Oct_20_1359,image_exp,3.2.4,60.03424533
tiger,sparrow,sheep,monkey,elephant,ladybug,cow,dolphin,giraffe,"['stim4', 'stim8', 'stim3', 'stim6', 'stim2', 'stim7', 'stim1', 'stim5']","['elephant', 'giraffe', 'monkey', 'cow', 'sheep', 'dolphin', 'sparrow', 'ladybug']",S4,7,2021_Oct_20_1359,image_exp,3.2.4,60.03424533
mouse,monkey,ladybug,bear,butterfly,fox,hog,sparrow,lizard,"['stim6', 'stim5', 'stim1', 'stim3', 'stim8', 'stim7', 'stim2', 'stim4']","['hog', 'fox', 'monkey', 'bear', 'lizard', 'sparrow', 'ladybug', 'butterfly']",S4,7,2021_Oct_20_1359,image_exp,3.2.4,60.03424533
bear,turtle,mouse,duck,turkey,sheep,dolphin,hog,bluebird,"['stim5', 'stim7', 'stim6', 'stim2', 'stim4', 'stim3', 'stim1', 'stim8']","['sheep', 'hog', 'dolphin', 'mouse', 'turkey', 'duck', 'turtle', 'bluebird']",S4,7,2021_Oct_20_1359,image_exp,3.2.4,60.03424533
hog,cow,bluebird,spider,dog,crocodile,ant,snake,elephant,"['stim1', 'stim4', 'stim8', 'stim5', 'stim7', 'stim2', 'stim6', 'stim3']","['cow', 'dog', 'elephant', 'crocodile', 'snake', 'bluebird', 'ant', 'spider']",S4,7,2021_Oct_20_1359,image_exp,3.2.4,60.03424533
monkey,ant,bat,dog,horse,crocodile,duck,dolphin,turtle,"['stim4', 'stim3', 'stim2', 'stim7', 'stim6', 'stim5', 'stim8', 'stim1']","['horse', 'dog', 'bat', 'dolphin', 'duck', 'crocodile', 'turtle', 'ant']",S4,7,2021_Oct_20_1359,image_exp,3.2.4,60.03424533
cow,giraffe,bear,ant,owl,cat,hog,butterfly,horse,"['stim6', 'stim8', 'stim5', 'stim1', 'stim2', 'stim4', 'stim3', 'stim7']","['hog', 'horse', 'cat', 'giraffe', 'bear', 'owl', 'ant', 'butterfly']",S4,7,2021_Oct_20_1359,image_exp,3.2.4,60.03424533
eagle,dog,turtle,lizard,ladybug,monkey,frog,goldfish,shark,"['stim3', 'stim6', 'stim2', 'stim1', 'stim4', 'stim5', 'stim7', 'stim8']","['lizard', 'frog', 'turtle', 'dog', 'ladybug', 'monkey', 'goldfish', 'shark']",S4,7,2021_Oct_20_1359,image_exp,3.2.4,60.03424533
rat,goat,sheep,snake,spider,shark,turkey,cat,butterfly,"['stim2', 'stim1', 'stim7', 'stim3', 'stim6', 'stim4', 'stim8', 'stim5']","['sheep', 'goat', 'cat', 'snake', 'turkey', 'spider', 'butterfly', 'shark']",S4,7,2021_Oct_20_1359,image_exp,3.2.4,60.03424533
snake,fox,turkey,crocodile,whale,monkey,turtle,horse,sheep,"['stim3', 'stim6', 'stim2', 'stim8', 'stim1', 'stim7', 'stim5', 'stim4']","['crocodile', 'turtle', 'turkey', 'sheep', 'fox', 'horse', 'monkey', 'whale']",S4,7,2021_Oct_20_1359,image_exp,3.2.4,60.03424533
turtle,butterfly,horse,hog,fox,spider,crocodile,giraffe,frog,"['stim8', 'stim6', 'stim3', 'stim4', 'stim2', 'stim7', 'stim1', 'stim5']","['frog', 'crocodile', 'hog', 'fox', 'horse', 'giraffe', 'butterfly', 'spider']",S4,7,2021_Oct_20_1359,image_exp,3.2.4,60.03424533
tiger,rat,goldfish,horse,giraffe,bear,monkey,turkey,hog,"['stim5', 'stim3', 'stim4', 'stim6', 'stim1', 'stim8', 'stim7', 'stim2']","['bear', 'horse', 'giraffe', 'monkey', 'rat', 'hog', 'turkey', 'goldfish']",S4,7,2021_Oct_20_1359,image_exp,3.2.4,60.03424533
eagle,fox,ant,elephant,owl,dog,ladybug,snake,horse,"['stim4', 'stim1', 'stim5', 'stim8', 'stim7', 'stim3', 'stim2', 'stim6']","['owl', 'fox', 'dog', 'horse', 'snake', 'elephant', 'ant', 'ladybug']",S4,7,2021_Oct_20_1359,image_exp,3.2.4,60.03424533
fox,owl,crocodile,duck,spider,butterfly,shark,snail,turkey,"['stim2', 'stim8', 'stim3', 'stim1', 'stim6', 'stim7', 'stim4', 'stim5']","['crocodile', 'turkey', 'duck', 'owl', 'shark', 'snail', 'spider', 'butterfly']",S4,7,2021_Oct_20_1359,image_exp,3.2.4,60.03424533
fox,bluebird,tiger,bear,dolphin,goldfish,pigeon,goat,giraffe,"['stim7', 'stim2', 'stim3', 'stim8', 'stim4', 'stim6', 'stim1', 'stim5']","['goat', 'tiger', 'bear', 'giraffe', 'dolphin', 'pigeon', 'bluebird', 'goldfish']",S4,7,2021_Oct_20_1359,image_exp,3.2.4,60.03424533
whale,giraffe,bat,hog,bluebird,pigeon,snail,tiger,spider,"['stim7', 'stim1', 'stim3', 'stim2', 'stim5', 'stim4', 'stim6', 'stim8']","['tiger', 'giraffe', 'hog', 'bat', 'pigeon', 'bluebird', 'snail', 'spider']",S4,7,2021_Oct_20_1359,image_exp,3.2.4,60.03424533
butterfly,ant,crocodile,bear,snail,turkey,tiger,owl,sheep,"['stim1', 'stim4', 'stim7', 'stim5', 'stim2', 'stim8', 'stim3', 'stim6']","['ant', 'snail', 'owl', 'turkey', 'crocodile', 'sheep', 'bear', 'tiger']",S4,7,2021_Oct_20_1359,image_exp,3.2.4,60.03424533
rat,lizard,ant,tiger,frog,pigeon,hog,cow,mouse,"['stim8', 'stim6', 'stim7', 'stim1', 'stim5', 'stim4', 'stim3', 'stim2']","['mouse', 'hog', 'cow', 'lizard', 'pigeon', 'frog', 'tiger', 'ant']",S4,7,2021_Oct_20_1359,image_exp,3.2.4,60.03424533
goat,cow,rat,sheep,horse,whale,mouse,duck,spider,"['stim3', 'stim1', 'stim4', 'stim6', 'stim2', 'stim5', 'stim7', 'stim8']","['sheep', 'cow', 'horse', 'mouse', 'rat', 'whale', 'duck', 'spider']",S4,7,2021_Oct_20_1359,image_exp,3.2.4,60.03424533
snail,whale,snake,butterfly,bear,hog,elephant,eagle,bat,"['stim2', 'stim3', 'stim8', 'stim5', 'stim7', 'stim6', 'stim4', 'stim1']","['snake', 'butterfly', 'bat', 'hog', 'eagle', 'elephant', 'bear', 'whale']",S4,7,2021_Oct_20_1359,image_exp,3.2.4,60.03424533
goat,bear,hog,whale,ant,cow,ladybug,turtle,eagle,"['stim5', 'stim2', 'stim1', 'stim7', 'stim3', 'stim8', 'stim4', 'stim6']","['cow', 'hog', 'bear', 'turtle', 'whale', 'eagle', 'ant', 'ladybug']",S4,7,2021_Oct_20_1359,image_exp,3.2.4,60.03424533
turkey,cat,bat,turtle,pigeon,shark,bluebird,ant,giraffe,"['stim4', 'stim6', 'stim2', 'stim3', 'stim1', 'stim8', 'stim7', 'stim5']","['pigeon', 'bluebird', 'bat', 'turtle', 'cat', 'giraffe', 'ant', 'shark']",S4,7,2021_Oct_20_1359,image_exp,3.2.4,60.03424533
goat,sparrow,owl,tiger,turkey,monkey,goldfish,frog,bat,"['stim3', 'stim5', 'stim8', 'stim4', 'stim2', 'stim1', 'stim7', 'stim6']","['tiger', 'monkey', 'bat', 'turkey', 'owl', 'sparrow', 'frog', 'goldfish']",S4,7,2021_Oct_20_1359,image_exp,3.2.4,60.03424533
cat,spider,elephant,turtle,bear,crocodile,shark,eagle,frog,"['stim4', 'stim2', 'stim3', 'stim8', 'stim5', 'stim7', 'stim6', 'stim1']","['bear', 'elephant', 'turtle', 'frog', 'crocodile', 'eagle', 'shark', 'spider']",S4,7,2021_Oct_20_1359,image_exp,3.2.4,60.03424533
shark,duck,dolphin,mouse,tiger,bluebird,butterfly,lizard,ant,"['stim2', 'stim4', 'stim7', 'stim3', 'stim1', 'stim5', 'stim8', 'stim6']","['dolphin', 'tiger', 'lizard', 'mouse', 'duck', 'bluebird', 'ant', 'butterfly']",S4,7,2021_Oct_20_1359,image_exp,3.2.4,60.03424533
horse,duck,lizard,shark,butterfly,mouse,frog,dog,tiger,"['stim7', 'stim8', 'stim5', 'stim1', 'stim2', 'stim3', 'stim6', 'stim4']","['dog', 'tiger', 'mouse', 'duck', 'lizard', 'shark', 'frog', 'butterfly']",S4,7,2021_Oct_20_1359,image_exp,3.2.4,60.03424533
sparrow,goldfish,dog,ladybug,fox,butterfly,dolphin,owl,goat,"['stim7', 'stim3', 'stim1', 'stim8', 'stim4', 'stim5', 'stim2', 'stim6']","['owl', 'ladybug', 'goldfish', 'goat', 'fox', 'butterfly', 'dog', 'dolphin']",S4,7,2021_Oct_20_1359,image_exp,3.2.4,60.03424533
spider,sparrow,mouse,fox,bluebird,dog,elephant,goat,bat,"['stim8', 'stim2', 'stim1', 'stim4', 'stim7', 'stim3', 'stim5', 'stim6']","['bat', 'mouse', 'sparrow', 'bluebird', 'goat', 'fox', 'dog', 'elephant']",S4,7,2021_Oct_20_1359,image_exp,3.2.4,60.03424533
spider,pigeon,bear,whale,butterfly,crocodile,goldfish,eagle,shark,"['stim4', 'stim5', 'stim6', 'stim1', 'stim7', 'stim8', 'stim3', 'stim2']","['butterfly', 'crocodile', 'goldfish', 'pigeon', 'eagle', 'shark', 'whale', 'bear']",S4,7,2021_Oct_20_1359,image_exp,3.2.4,60.03424533
turtle,elephant,cat,cow,ant,duck,sparrow,snail,snake,"['stim8', 'stim7', 'stim5', 'stim3', 'stim2', 'stim1', 'stim6', 'stim4']","['snake', 'snail', 'duck', 'cow', 'cat', 'elephant', 'sparrow', 'ant']",S4,7,2021_Oct_20_1359,image_exp,3.2.4,60.03424533
bat,cow,owl,mouse,dog,bluebird,butterfly,giraffe,ladybug,"['stim3', 'stim5', 'stim2', 'stim1', 'stim4', 'stim7', 'stim6', 'stim8']","['mouse', 'bluebird', 'owl', 'cow', 'dog', 'giraffe', 'butterfly', 'ladybug']",S4,7,2021_Oct_20_1359,image_exp,3.2.4,60.03424533
cow,bluebird,whale,giraffe,mouse,turtle,owl,elephant,crocodile,"['stim4', 'stim3', 'stim7', 'stim8', 'stim2', 'stim5', 'stim6', 'stim1']","['mouse', 'giraffe', 'elephant', 'crocodile', 'whale', 'turtle', 'owl', 'bluebird']",S4,7,2021_Oct_20_1359,image_exp,3.2.4,60.03424533
bat,owl,cow,eagle,pigeon,monkey,elephant,cat,ant,"['stim3', 'stim4', 'stim1', 'stim2', 'stim7', 'stim5', 'stim6', 'stim8']","['eagle', 'pigeon', 'owl', 'cow', 'cat', 'monkey', 'elephant', 'ant']",S4,7,2021_Oct_20_1359,image_exp,3.2.4,60.03424533
mouse,horse,duck,pigeon,shark,tiger,ant,dog,snail,"['stim7', 'stim1', 'stim3', 'stim2', 'stim5', 'stim8', 'stim6', 'stim4']","['dog', 'horse', 'pigeon', 'duck', 'tiger', 'snail', 'ant', 'shark']",S4,7,2021_Oct_20_1359,image_exp,3.2.4,60.03424533
bear,cow,eagle,elephant,turtle,dog,duck,shark,crocodile,"['stim3', 'stim5', 'stim1', 'stim8', 'stim7', 'stim4', 'stim6', 'stim2']","['elephant', 'dog', 'cow', 'crocodile', 'shark', 'turtle', 'duck', 'eagle']",S4,7,2021_Oct_20_1359,image_exp,3.2.4,60.03424533
mouse,dolphin,rat,frog,snake,whale,giraffe,cow,goldfish,"['stim2', 'stim7', 'stim6', 'stim3', 'stim4', 'stim1', 'stim5', 'stim8']","['rat', 'cow', 'giraffe', 'frog', 'snake', 'dolphin', 'whale', 'goldfish']",S4,7,2021_Oct_20_1359,image_exp,3.2.4,60.03424533
bat,spider,dog,goldfish,giraffe,whale,hog,shark,frog,"['stim6', 'stim2', 'stim4', 'stim8', 'stim3', 'stim1', 'stim5', 'stim7']","['hog', 'dog', 'giraffe', 'frog', 'goldfish', 'spider', 'whale', 'shark']",S4,7,2021_Oct_20_1359,image_exp,3.2.4,60.03424533
dog,cat,pigeon,dolphin,monkey,ant,shark,mouse,turtle,"['stim1', 'stim4', 'stim7', 'stim3', 'stim8', 'stim2', 'stim6', 'stim5']","['cat', 'monkey', 'mouse', 'dolphin', 'turtle', 'pigeon', 'shark', 'ant']",S4,7,2021_Oct_20_1359,image_exp,3.2.4,60.03424533
hog,eagle,snake,turtle,shark,monkey,giraffe,crocodile,bat,"['stim6', 'stim5', 'stim3', 'stim7', 'stim8', 'stim2', 'stim1', 'stim4']","['giraffe', 'monkey', 'turtle', 'crocodile', 'bat', 'snake', 'eagle', 'shark']",S4,7,2021_Oct_20_1359,image_exp,3.2.4,60.03424533
snake,ant,mouse,spider,pigeon,goldfish,goat,rat,bluebird,"['stim3', 'stim1', 'stim5', 'stim7', 'stim2', 'stim8', 'stim4', 'stim6']","['spider', 'ant', 'goldfish', 'rat', 'mouse', 'bluebird', 'pigeon', 'goat']",S4,7,2021_Oct_20_1359,image_exp,3.2.4,60.03424533
turtle,owl,monkey,bear,sheep,eagle,lizard,ladybug,dog,"['stim6', 'stim4', 'stim1', 'stim5', 'stim8', 'stim7', 'stim3', 'stim2']","['lizard', 'sheep', 'owl', 'eagle', 'dog', 'ladybug', 'bear', 'monkey']",S4,7,2021_Oct_20_1359,image_exp,3.2.4,60.03424533
hog,rat,duck,butterfly,monkey,shark,tiger,pigeon,sheep,"['stim8', 'stim1', 'stim4', 'stim6', 'stim2', 'stim7', 'stim5', 'stim3']","['sheep', 'rat', 'monkey', 'tiger', 'duck', 'pigeon', 'shark', 'butterfly']",S4,7,2021_Oct_20_1359,image_exp,3.2.4,60.03424533
whale,owl,turkey,spider,mouse,shark,turtle,hog,dog,"['stim5', 'stim8', 'stim7', 'stim4', 'stim2', 'stim6', 'stim1', 'stim3']","['shark', 'dog', 'hog', 'mouse', 'turkey', 'turtle', 'owl', 'spider']",S4,7,2021_Oct_20_1359,image_exp,3.2.4,60.03424533
dolphin,eagle,monkey,owl,whale,elephant,lizard,pigeon,butterfly,"['stim4', 'stim5', 'stim2', 'stim6', 'stim3', 'stim1', 'stim7', 'stim8']","['whale', 'elephant', 'monkey', 'lizard', 'owl', 'eagle', 'pigeon', 'butterfly']",S4,7,2021_Oct_20_1359,image_exp,3.2.4,60.03424533
dog,crocodile,duck,spider,snake,horse,turkey,snail,sheep,"['stim5', 'stim8', 'stim1', 'stim6', 'stim2', 'stim4', 'stim7', 'stim3']","['horse', 'sheep', 'crocodile', 'turkey', 'duck', 'snake', 'snail', 'spider']",S4,7,2021_Oct_20_1359,image_exp,3.2.4,60.03424533
ant,lizard,bear,turkey,bluebird,frog,crocodile,dolphin,turtle,"['stim1', 'stim6', 'stim8', 'stim5', 'stim3', 'stim4', 'stim7', 'stim2']","['lizard', 'crocodile', 'turtle', 'frog', 'turkey', 'bluebird', 'dolphin', 'bear']",S4,7,2021_Oct_20_1359,image_exp,3.2.4,60.03424533
snake,frog,goldfish,goat,bat,duck,owl,tiger,dog,"['stim1', 'stim2', 'stim4', 'stim5', 'stim3', 'stim6', 'stim8', 'stim7']","['frog', 'goldfish', 'bat', 'duck', 'goat', 'owl', 'dog', 'tiger']",S4,7,2021_Oct_20_1359,image_exp,3.2.4,60.03424533
mouse,goat,eagle,duck,cat,crocodile,lizard,butterfly,snail,"['stim1', 'stim4', 'stim6', 'stim3', 'stim5', 'stim2', 'stim8', 'stim7']","['goat', 'cat', 'lizard', 'duck', 'crocodile', 'eagle', 'snail', 'butterfly']",S4,7,2021_Oct_20_1359,image_exp,3.2.4,60.03424533
pigeon,tiger,eagle,spider,whale,turtle,snail,ladybug,horse,"['stim2', 'stim5', 'stim7', 'stim8', 'stim6', 'stim3', 'stim1', 'stim4']","['eagle', 'turtle', 'ladybug', 'horse', 'snail', 'spider', 'tiger', 'whale']",S4,7,2021_Oct_20_1359,image_exp,3.2.4,60.03424533
shark,eagle,snail,horse,elephant,spider,hog,snake,frog,"['stim4', 'stim3', 'stim6', 'stim7', 'stim8', 'stim5', 'stim1', 'stim2']","['elephant', 'horse', 'hog', 'snake', 'frog', 'spider', 'eagle', 'snail']",S4,7,2021_Oct_20_1359,image_exp,3.2.4,60.03424533
ant,goldfish,sparrow,pigeon,ladybug,eagle,snake,monkey,spider,"['stim8', 'stim4', 'stim6', 'stim1', 'stim2', 'stim3', 'stim5', 'stim7']","['spider', 'ladybug', 'snake', 'goldfish', 'sparrow', 'pigeon', 'eagle', 'monkey']",S4,7,2021_Oct_20_1359,image_exp,3.2.4,60.03424533
ladybug,shark,bat,cat,owl,ant,goldfish,lizard,bluebird,"['stim5', 'stim2', 'stim7', 'stim6', 'stim8', 'stim4', 'stim3', 'stim1']","['ant', 'bat', 'lizard', 'goldfish', 'bluebird', 'owl', 'cat', 'shark']",S4,7,2021_Oct_20_1359,image_exp,3.2.4,60.03424533
ladybug,giraffe,frog,turtle,snake,elephant,whale,dog,monkey,"['stim2', 'stim4', 'stim3', 'stim7', 'stim1', 'stim8', 'stim5', 'stim6']","['frog', 'snake', 'turtle', 'dog', 'giraffe', 'monkey', 'elephant', 'whale']",S4,7,2021_Oct_20_1359,image_exp,3.2.4,60.03424533
tiger,mouse,snail,pigeon,frog,owl,lizard,cat,shark,"['stim7', 'stim1', 'stim8', 'stim6', 'stim4', 'stim5', 'stim3', 'stim2']","['cat', 'mouse', 'shark', 'lizard', 'frog', 'owl', 'pigeon', 'snail']",S4,7,2021_Oct_20_1359,image_exp,3.2.4,60.03424533
duck,ant,turkey,eagle,goldfish,horse,butterfly,sheep,lizard,"['stim2', 'stim3', 'stim7', 'stim5', 'stim8', 'stim1', 'stim4', 'stim6']","['turkey', 'eagle', 'sheep', 'horse', 'lizard', 'ant', 'goldfish', 'butterfly']",S4,7,2021_Oct_20_1359,image_exp,3.2.4,60.03424533
owl,fox,bat,hog,whale,snake,goat,duck,horse,"['stim7', 'stim2', 'stim3', 'stim6', 'stim1', 'stim5', 'stim8', 'stim4']","['duck', 'bat', 'hog', 'goat', 'fox', 'snake', 'horse', 'whale']",S4,7,2021_Oct_20_1359,image_exp,3.2.4,60.03424533
whale,goldfish,monkey,eagle,crocodile,goat,ladybug,sheep,bear,"['stim8', 'stim2', 'stim5', 'stim7', 'stim4', 'stim1', 'stim3', 'stim6']","['bear', 'monkey', 'goat', 'sheep', 'crocodile', 'goldfish', 'eagle', 'ladybug']",S4,7,2021_Oct_20_1359,image_exp,3.2.4,60.03424533
elephant,turkey,bat,shark,monkey,tiger,butterfly,cat,snail,"['stim4', 'stim5', 'stim7', 'stim2', 'stim1', 'stim3', 'stim8', 'stim6']","['monkey', 'tiger', 'cat', 'bat', 'turkey', 'shark', 'snail', 'butterfly']",S4,7,2021_Oct_20_1359,image_exp,3.2.4,60.03424533
goldfish,monkey,cow,cat,elephant,hog,lizard,spider,whale,"['stim8', 'stim6', 'stim7', 'stim5', 'stim2', 'stim3', 'stim4', 'stim1']","['whale', 'lizard', 'spider', 'hog', 'cow', 'cat', 'elephant', 'monkey']",S4,7,2021_Oct_20_1359,image_exp,3.2.4,60.03424533
bluebird,frog,turtle,goldfish,dolphin,crocodile,hog,fox,bat,"['stim8', 'stim1', 'stim2', 'stim6', 'stim5', 'stim7', 'stim3', 'stim4']","['bat', 'frog', 'turtle', 'hog', 'crocodile', 'fox', 'goldfish', 'dolphin']",S4,7,2021_Oct_20_1359,image_exp,3.2.4,60.03424533
turtle,duck,sheep,whale,rat,goldfish,cat,pigeon,lizard,"['stim8', 'stim1', 'stim4', 'stim6', 'stim7', 'stim5', 'stim2', 'stim3']","['lizard', 'duck', 'rat', 'cat', 'pigeon', 'goldfish', 'sheep', 'whale']",S4,7,2021_Oct_20_1359,image_exp,3.2.4,60.03424533