ref,stim1,stim2,stim3,stim4,stim5,stim6,stim7,stim8,clicks,clicked_stimuli,participant,session,date,expName,psychopyVersion,frameRate
giraffe,dog,cow,sheep,hog,elephant,bear,snail,spider,"['stim5', 'stim6', 'stim2', 'stim1', 'stim3', 'stim4', 'stim7', 'stim8']","['elephant', 'bear', 'cow', 'dog', 'sheep', 'hog', 'snail', 'spider']",S4,1,2021_Sep_23_1336,image_exp,3.2.4,59.99433042
snake,cat,hog,turkey,crocodile,eagle,elephant,bear,lizard,"['stim8', 'stim4', 'stim2', 'stim3', 'stim6', 'stim1', 'stim5', 'stim7']","['lizard', 'crocodile', 'hog', 'turkey', 'elephant', 'cat', 'eagle', 'bear']",S4,1,2021_Sep_23_1336,image_exp,3.2.4,59.99433042
frog,horse,whale,dolphin,duck,giraffe,ant,turtle,pigeon,"['stim7', 'stim6', 'stim4', 'stim3', 'stim2', 'stim8', 'stim5', 'stim1']","['turtle', 'ant', 'duck', 'dolphin', 'whale', 'pigeon', 'giraffe', 'horse']",S4,1,2021_Sep_23_1336,image_exp,3.2.4,59.99433042
goat,lizard,tiger,dog,pigeon,fox,shark,monkey,snake,"['stim5', 'stim3', 'stim7', 'stim2', 'stim1', 'stim4', 'stim8', 'stim6']","['fox', 'dog', 'monkey', 'tiger', 'lizard', 'pigeon', 'snake', 'shark']",S4,1,2021_Sep_23_1336,image_exp,3.2.4,59.99433042
sparrow,tiger,sheep,duck,crocodile,ant,frog,lizard,cow,"['stim3', 'stim7', 'stim6', 'stim2', 'stim8', 'stim4', 'stim5', 'stim1']","['duck', 'lizard', 'frog', 'sheep', 'cow', 'crocodile', 'ant', 'tiger']",S4,1,2021_Sep_23_1336,image_exp,3.2.4,59.99433042
whale,sheep,goldfish,goat,ladybug,bear,monkey,eagle,crocodile,"['stim5', 'stim6', 'stim3', 'stim1', 'stim8', 'stim2', 'stim4', 'stim7']","['bear', 'monkey', 'goat', 'sheep', 'crocodile', 'goldfish', 'ladybug', 'eagle']",S4,1,2021_Sep_23_1336,image_exp,3.2.4,59.99433042
ant,hog,cat,whale,monkey,cow,sparrow,snail,dog,"['stim7', 'stim1', 'stim8', 'stim5', 'stim2', 'stim6', 'stim4', 'stim3']","['snail', 'hog', 'dog', 'cow', 'cat', 'sparrow', 'monkey', 'whale']",S4,1,2021_Sep_23_1336,image_exp,3.2.4,59.99433042
whale,crocodile,bluebird,snake,elephant,tiger,sparrow,goat,frog,"['stim4', 'stim5', 'stim7', 'stim1', 'stim8', 'stim3', 'stim6', 'stim2']","['elephant', 'tiger', 'goat', 'crocodile', 'frog', 'snake', 'sparrow', 'bluebird']",S4,1,2021_Sep_23_1336,image_exp,3.2.4,59.99433042
rat,duck,tiger,fox,sparrow,bluebird,dog,lizard,crocodile,"['stim4', 'stim5', 'stim6', 'stim3', 'stim2', 'stim1', 'stim7', 'stim8']","['sparrow', 'bluebird', 'dog', 'fox', 'tiger', 'duck', 'lizard', 'crocodile']",S4,1,2021_Sep_23_1336,image_exp,3.2.4,59.99433042
turkey,owl,dolphin,sparrow,cow,dog,lizard,butterfly,goat,"['stim1', 'stim3', 'stim7', 'stim4', 'stim5', 'stim8', 'stim6', 'stim2']","['owl', 'sparrow', 'butterfly', 'cow', 'dog', 'goat', 'lizard', 'dolphin']",S4,1,2021_Sep_23_1336,image_exp,3.2.4,59.99433042
owl,cow,turkey,eagle,ant,sparrow,elephant,frog,mouse,"['stim3', 'stim5', 'stim8', 'stim2', 'stim1', 'stim6', 'stim7', 'stim4']","['eagle', 'sparrow', 'mouse', 'turkey', 'cow', 'elephant', 'frog', 'ant']",S4,1,2021_Sep_23_1336,image_exp,3.2.4,59.99433042
snail,eagle,whale,hog,elephant,bat,snake,butterfly,bear,"['stim6', 'stim7', 'stim5', 'stim1', 'stim3', 'stim4', 'stim2', 'stim8']","['snake', 'butterfly', 'bat', 'eagle', 'hog', 'elephant', 'whale', 'bear']",S4,1,2021_Sep_23_1336,image_exp,3.2.4,59.99433042
monkey,owl,frog,horse,pigeon,snake,sheep,dog,cat,"['stim7', 'stim3', 'stim8', 'stim6', 'stim1', 'stim4', 'stim2', 'stim5']","['dog', 'horse', 'cat', 'sheep', 'owl', 'pigeon', 'frog', 'snake']",S4,1,2021_Sep_23_1336,image_exp,3.2.4,59.99433042
lizard,dog,goldfish,elephant,giraffe,spider,ant,rat,fox,"['stim2', 'stim6', 'stim5', 'stim7', 'stim1', 'stim8', 'stim4', 'stim3']","['goldfish', 'ant', 'spider', 'rat', 'dog', 'fox', 'giraffe', 'elephant']",S4,1,2021_Sep_23_1336,image_exp,3.2.4,59.99433042
goldfish,duck,dog,pigeon,tiger,cow,giraffe,goat,lizard,"['stim8', 'stim3', 'stim1', 'stim5', 'stim2', 'stim6', 'stim7', 'stim4']","['lizard', 'pigeon', 'duck', 'cow', 'dog', 'giraffe', 'goat', 'tiger']",S4,1,2021_Sep_23_1336,image_exp,3.2.4,59.99433042
cow,elephant,bluebird,turtle,owl,crocodile,whale,giraffe,mouse,"['stim8', 'stim7', 'stim6', 'stim1', 'stim5', 'stim4', 'stim2', 'stim3']","['mouse', 'giraffe', 'whale', 'elephant', 'crocodile', 'owl', 'bluebird', 'turtle']",S4,1,2021_Sep_23_1336,image_exp,3.2.4,59.99433042
snake,rat,ant,goldfish,goat,bluebird,mouse,spider,pigeon,"['stim2', 'stim3', 'stim7', 'stim1', 'stim6', 'stim8', 'stim5', 'stim4']","['ant', 'goldfish', 'spider', 'rat', 'mouse', 'pigeon', 'bluebird', 'goat']",S4,1,2021_Sep_23_1336,image_exp,3.2.4,59.99433042
fox,snail,owl,butterfly,shark,turkey,crocodile,duck,spider,"['stim6', 'stim5', 'stim7', 'stim4', 'stim2', 'stim8', 'stim3', 'stim1']","['crocodile', 'turkey', 'duck', 'shark', 'owl', 'spider', 'butterfly', 'snail']",S4,1,2021_Sep_23_1336,image_exp,3.2.4,59.99433042
crocodile,goat,pigeon,cow,goldfish,turkey,dolphin,ladybug,sheep,"['stim6', 'stim8', 'stim1', 'stim3', 'stim5', 'stim7', 'stim4', 'stim2']","['dolphin', 'sheep', 'goat', 'cow', 'turkey', 'ladybug', 'goldfish', 'pigeon']",S4,1,2021_Sep_23_1336,image_exp,3.2.4,59.99433042
sheep,pigeon,cow,ladybug,bear,bat,sparrow,crocodile,snail,"['stim2', 'stim4', 'stim5', 'stim7', 'stim1', 'stim6', 'stim3', 'stim8']","['cow', 'bear', 'bat', 'crocodile', 'pigeon', 'sparrow', 'ladybug', 'snail']",S4,1,2021_Sep_23_1336,image_exp,3.2.4,59.99433042
tiger,turkey,rat,bear,monkey,hog,goldfish,horse,giraffe,"['stim3', 'stim5', 'stim7', 'stim8', 'stim4', 'stim2', 'stim1', 'stim6']","['bear', 'hog', 'horse', 'giraffe', 'monkey', 'rat', 'turkey', 'goldfish']",S4,1,2021_Sep_23_1336,image_exp,3.2.4,59.99433042
butterfly,whale,bat,crocodile,turtle,shark,lizard,monkey,turkey,"['stim2', 'stim6', 'stim4', 'stim8', 'stim3', 'stim7', 'stim1', 'stim5']","['bat', 'lizard', 'turtle', 'turkey', 'crocodile', 'monkey', 'whale', 'shark']",S4,1,2021_Sep_23_1336,image_exp,3.2.4,59.99433042
bat,fox,crocodile,rat,sheep,turtle,snail,snake,lizard,"['stim3', 'stim4', 'stim1', 'stim8', 'stim5', 'stim6', 'stim7', 'stim2']","['rat', 'sheep', 'fox', 'lizard', 'turtle', 'snail', 'snake', 'crocodile']",S4,1,2021_Sep_23_1336,image_exp,3.2.4,59.99433042
sheep,eagle,pigeon,giraffe,horse,ladybug,whale,fox,lizard,"['stim7', 'stim3', 'stim4', 'stim6', 'stim1', 'stim8', 'stim2', 'stim5']","['fox', 'giraffe', 'horse', 'whale', 'eagle', 'lizard', 'pigeon', 'ladybug']",S4,1,2021_Sep_23_1336,image_exp,3.2.4,59.99433042
bat,cat,turkey,horse,snail,duck,pigeon,tiger,snake,"['stim6', 'stim5', 'stim1', 'stim3', 'stim7', 'stim2', 'stim4', 'stim8']","['pigeon', 'duck', 'cat', 'horse', 'tiger', 'turkey', 'snail', 'snake']",S4,1,2021_Sep_23_1336,image_exp,3.2.4,59.99433042
pigeon,mouse,elephant,owl,shark,turkey,bluebird,crocodile,bear,"['stim3', 'stim6', 'stim5', 'stim1', 'stim7', 'stim8', 'stim2', 'stim4']","['owl', 'bluebird', 'turkey', 'mouse', 'crocodile', 'bear', 'elephant', 'shark']",S4,1,2021_Sep_23_1336,image_exp,3.2.4,59.99433042
goat,frog,sparrow,monkey,goldfish,bat,owl,tiger,turkey,"['stim7', 'stim3', 'stim5', 'stim8', 'stim6', 'stim1', 'stim2', 'stim4']","['tiger', 'monkey', 'bat', 'turkey', 'owl', 'frog', 'sparrow', 'goldfish']",S4,1,2021_Sep_23_1336,image_exp,3.2.4,59.99433042
whale,fox,eagle,cat,ant,sheep,rat,horse,dolphin,"['stim8', 'stim7', 'stim3', 'stim1', 'stim5', 'stim6', 'stim4', 'stim2']","['dolphin', 'horse', 'cat', 'fox', 'sheep', 'rat', 'ant', 'eagle']",S4,1,2021_Sep_23_1336,image_exp,3.2.4,59.99433042
mouse,frog,elephant,dog,spider,ant,bat,turkey,giraffe,"['stim6', 'stim3', 'stim1', 'stim5', 'stim7', 'stim8', 'stim2', 'stim4']","['bat', 'dog', 'frog', 'ant', 'turkey', 'giraffe', 'elephant', 'spider']",S4,1,2021_Sep_23_1336,image_exp,3.2.4,59.99433042
duck,sheep,ant,horse,butterfly,lizard,turkey,eagle,goldfish,"['stim7', 'stim6', 'stim1', 'stim5', 'stim8', 'stim3', 'stim2', 'stim4']","['eagle', 'turkey', 'sheep', 'lizard', 'goldfish', 'horse', 'ant', 'butterfly']",S4,1,2021_Sep_23_1336,image_exp,3.2.4,59.99433042
hog,duck,dolphin,lizard,horse,whale,pigeon,goat,frog,"['stim7', 'stim4', 'stim2', 'stim1', 'stim3', 'stim5', 'stim8', 'stim6']","['goat', 'horse', 'dolphin', 'duck', 'lizard', 'whale', 'frog', 'pigeon']",S4,1,2021_Sep_23_1336,image_exp,3.2.4,59.99433042
goat,sparrow,sheep,dolphin,spider,giraffe,bat,snail,elephant,"['stim2', 'stim5', 'stim8', 'stim6', 'stim3', 'stim1', 'stim7', 'stim4']","['sheep', 'giraffe', 'elephant', 'bat', 'dolphin', 'sparrow', 'snail', 'spider']",S4,1,2021_Sep_23_1336,image_exp,3.2.4,59.99433042
duck,snake,ladybug,hog,shark,dog,sparrow,fox,monkey,"['stim6', 'stim2', 'stim3', 'stim5', 'stim7', 'stim1', 'stim8', 'stim4']","['sparrow', 'ladybug', 'hog', 'dog', 'fox', 'snake', 'monkey', 'shark']",S4,1,2021_Sep_23_1336,image_exp,3.2.4,59.99433042
bear,pigeon,horse,sparrow,giraffe,owl,lizard,cat,ant,"['stim4', 'stim2', 'stim7', 'stim5', 'stim1', 'stim3', 'stim6', 'stim8']","['giraffe', 'horse', 'cat', 'owl', 'pigeon', 'sparrow', 'lizard', 'ant']",S4,1,2021_Sep_23_1336,image_exp,3.2.4,59.99433042
ladybug,eagle,mouse,fox,cat,duck,hog,shark,dolphin,"['stim5', 'stim1', 'stim2', 'stim6', 'stim3', 'stim4', 'stim8', 'stim7']","['duck', 'eagle', 'mouse', 'hog', 'fox', 'cat', 'dolphin', 'shark']",S4,1,2021_Sep_23_1336,image_exp,3.2.4,59.99433042
sparrow,mouse,turtle,elephant,horse,pigeon,rat,whale,spider,"['stim5', 'stim1', 'stim6', 'stim2', 'stim3', 'stim4', 'stim8', 'stim7']","['pigeon', 'mouse', 'rat', 'turtle', 'elephant', 'horse', 'spider', 'whale']",S4,1,2021_Sep_23_1336,image_exp,3.2.4,59.99433042
bluebird,fox,frog,crocodile,hog,bat,turtle,goldfish,dolphin,"['stim5', 'stim6', 'stim2', 'stim4', 'stim1', 'stim7', 'stim3', 'stim8']","['bat', 'turtle', 'frog', 'hog', 'fox', 'goldfish', 'crocodile', 'dolphin']",S4,1,2021_Sep_23_1336,image_exp,3.2.4,59.99433042
snail,tiger,horse,sheep,turtle,whale,snake,mouse,dolphin,"['stim4', 'stim6', 'stim7', 'stim8', 'stim3', 'stim2', 'stim5', 'stim1']","['turtle', 'snake', 'mouse', 'dolphin', 'sheep', 'horse', 'whale', 'tiger']",S4,1,2021_Sep_23_1336,image_exp,3.2.4,59.99433042
goldfish,fox,bear,owl,giraffe,rat,bat,tiger,horse,"['stim5', 'stim6', 'stim3', 'stim1', 'stim8', 'stim4', 'stim2', 'stim7']","['rat', 'bat', 'owl', 'fox', 'horse', 'giraffe', 'bear', 'tiger']",S4,1,2021_Sep_23_1336,image_exp,3.2.4,59.99433042
bat,spider,sparrow,goat,lizard,dolphin,rat,bear,goldfish,"['stim6', 'stim2', 'stim3', 'stim4', 'stim7', 'stim5', 'stim8', 'stim1']","['rat', 'sparrow', 'goat', 'lizard', 'bear', 'dolphin', 'goldfish', 'spider']",S4,1,2021_Sep_23_1336,image_exp,3.2.4,59.99433042
horse,sheep,turkey,goldfish,hog,ant,butterfly,duck,spider,"['stim1', 'stim4', 'stim2', 'stim7', 'stim5', 'stim3', 'stim8', 'stim6']","['sheep', 'hog', 'turkey', 'duck', 'ant', 'goldfish', 'spider', 'butterfly']",S4,1,2021_Sep_23_1336,image_exp,3.2.4,59.99433042
bluebird,tiger,elephant,ant,shark,pigeon,whale,ladybug,snake,"['stim5', 'stim7', 'stim3', 'stim8', 'stim2', 'stim1', 'stim6', 'stim4']","['pigeon', 'ladybug', 'ant', 'snake', 'elephant', 'tiger', 'whale', 'shark']",S4,1,2021_Sep_23_1336,image_exp,3.2.4,59.99433042
giraffe,turtle,ant,snake,owl,sparrow,ladybug,dolphin,turkey,"['stim7', 'stim8', 'stim1', 'stim3', 'stim4', 'stim5', 'stim2', 'stim6']","['dolphin', 'turkey', 'turtle', 'snake', 'owl', 'sparrow', 'ant', 'ladybug']",S4,1,2021_Sep_23_1336,image_exp,3.2.4,59.99433042
bluebird,monkey,hog,bear,dog,cow,lizard,frog,horse,"['stim7', 'stim6', 'stim2', 'stim5', 'stim4', 'stim8', 'stim1', 'stim3']","['frog', 'lizard', 'hog', 'cow', 'dog', 'horse', 'monkey', 'bear']",S4,1,2021_Sep_23_1336,image_exp,3.2.4,59.99433042
elephant,crocodile,horse,sheep,turtle,pigeon,bear,frog,dolphin,"['stim6', 'stim8', 'stim2', 'stim3', 'stim1', 'stim7', 'stim4', 'stim5']","['bear', 'dolphin', 'horse', 'sheep', 'crocodile', 'frog', 'turtle', 'pigeon']",S4,1,2021_Sep_23_1336,image_exp,3.2.4,59.99433042
eagle,turtle,hog,snail,frog,cat,sparrow,turkey,cow,"['stim7', 'stim6', 'stim5', 'stim2', 'stim8', 'stim4', 'stim1', 'stim3']","['turkey', 'sparrow', 'cat', 'hog', 'cow', 'frog', 'turtle', 'snail']",S4,1,2021_Sep_23_1336,image_exp,3.2.4,59.99433042
mouse,bluebird,owl,sheep,turtle,snake,fox,dolphin,monkey,"['stim3', 'stim6', 'stim1', 'stim2', 'stim4', 'stim8', 'stim7', 'stim5']","['sheep', 'fox', 'bluebird', 'owl', 'turtle', 'monkey', 'dolphin', 'snake']",S4,1,2021_Sep_23_1336,image_exp,3.2.4,59.99433042
dog,whale,butterfly,hog,crocodile,turkey,goat,elephant,bat,"['stim6', 'stim3', 'stim7', 'stim1', 'stim8', 'stim4', 'stim5', 'stim2']","['goat', 'hog', 'elephant', 'whale', 'bat', 'crocodile', 'turkey', 'butterfly']",S4,1,2021_Sep_23_1336,image_exp,3.2.4,59.99433042
cow,butterfly,giraffe,cat,hog,horse,bear,ant,owl,"['stim4', 'stim5', 'stim3', 'stim2', 'stim6', 'stim8', 'stim7', 'stim1']","['hog', 'horse', 'cat', 'giraffe', 'bear', 'owl', 'ant', 'butterfly']",S4,1,2021_Sep_23_1336,image_exp,3.2.4,59.99433042
snail,shark,hog,crocodile,giraffe,goat,bluebird,frog,butterfly,"['stim7', 'stim3', 'stim8', 'stim6', 'stim2', 'stim5', 'stim4', 'stim1']","['frog', 'crocodile', 'butterfly', 'bluebird', 'hog', 'goat', 'giraffe', 'shark']",S4,1,2021_Sep_23_1336,image_exp,3.2.4,59.99433042
fox,frog,dog,sparrow,horse,pigeon,bluebird,eagle,snake,"['stim2', 'stim4', 'stim7', 'stim8', 'stim1', 'stim5', 'stim3', 'stim6']","['dog', 'horse', 'eagle', 'snake', 'frog', 'pigeon', 'sparrow', 'bluebird']",S4,1,2021_Sep_23_1336,image_exp,3.2.4,59.99433042
tiger,eagle,goat,turtle,pigeon,lizard,ant,fox,snake,"['stim7', 'stim2', 'stim5', 'stim3', 'stim1', 'stim4', 'stim8', 'stim6']","['fox', 'goat', 'lizard', 'turtle', 'eagle', 'pigeon', 'snake', 'ant']",S4,1,2021_Sep_23_1336,image_exp,3.2.4,59.99433042
snail,fox,turkey,ladybug,sparrow,cat,duck,monkey,pigeon,"['stim3', 'stim6', 'stim4', 'stim8', 'stim2', 'stim1', 'stim5', 'stim7']","['ladybug', 'duck', 'sparrow', 'pigeon', 'turkey', 'fox', 'cat', 'monkey']",S4,1,2021_Sep_23_1336,image_exp,3.2.4,59.99433042
hog,pigeon,rat,shark,tiger,sheep,duck,butterfly,monkey,"['stim5', 'stim2', 'stim8', 'stim4', 'stim6', 'stim1', 'stim7', 'stim3']","['sheep', 'rat', 'monkey', 'tiger', 'duck', 'pigeon', 'butterfly', 'shark']",S4,1,2021_Sep_23_1336,image_exp,3.2.4,59.99433042
dog,snail,crocodile,horse,turkey,sheep,duck,spider,snake,"['stim3', 'stim5', 'stim2', 'stim6', 'stim4', 'stim8', 'stim1', 'stim7']","['horse', 'sheep', 'crocodile', 'duck', 'turkey', 'snake', 'snail', 'spider']",S4,1,2021_Sep_23_1336,image_exp,3.2.4,59.99433042
fox,whale,rat,duck,cow,dog,crocodile,monkey,eagle,"['stim5', 'stim4', 'stim7', 'stim2', 'stim6', 'stim1', 'stim3', 'stim8']","['dog', 'cow', 'monkey', 'rat', 'crocodile', 'whale', 'duck', 'eagle']",S4,1,2021_Sep_23_1336,image_exp,3.2.4,59.99433042
crocodile,snake,hog,spider,shark,turtle,horse,dog,fox,"['stim1', 'stim4', 'stim5', 'stim8', 'stim2', 'stim6', 'stim7', 'stim3']","['snake', 'shark', 'turtle', 'fox', 'hog', 'horse', 'dog', 'spider']",S4,1,2021_Sep_23_1336,image_exp,3.2.4,59.99433042
owl,turtle,horse,pigeon,bluebird,crocodile,shark,tiger,fox,"['stim3', 'stim4', 'stim8', 'stim2', 'stim7', 'stim1', 'stim5', 'stim6']","['pigeon', 'bluebird', 'fox', 'horse', 'tiger', 'turtle', 'crocodile', 'shark']",S4,1,2021_Sep_23_1336,image_exp,3.2.4,59.99433042
turkey,fox,crocodile,hog,cow,bear,goldfish,elephant,lizard,"['stim3', 'stim4', 'stim1', 'stim7', 'stim2', 'stim8', 'stim5', 'stim6']","['hog', 'cow', 'fox', 'elephant', 'crocodile', 'lizard', 'bear', 'goldfish']",S4,1,2021_Sep_23_1336,image_exp,3.2.4,59.99433042
bat,cat,owl,monkey,elephant,ant,cow,eagle,pigeon,"['stim8', 'stim2', 'stim7', 'stim1', 'stim6', 'stim5', 'stim4', 'stim3']","['pigeon', 'owl', 'eagle', 'cat', 'cow', 'ant', 'elephant', 'monkey']",S4,1,2021_Sep_23_1336,image_exp,3.2.4,59.99433042
horse,monkey,eagle,bat,cow,mouse,tiger,fox,whale,"['stim5', 'stim1', 'stim7', 'stim4', 'stim6', 'stim3', 'stim8', 'stim2']","['mouse', 'monkey', 'fox', 'cow', 'tiger', 'bat', 'whale', 'eagle']",S4,1,2021_Sep_23_1336,image_exp,3.2.4,59.99433042
butterfly,goat,ladybug,dolphin,hog,elephant,duck,giraffe,bluebird,"['stim2', 'stim8', 'stim6', 'stim4', 'stim1', 'stim7', 'stim5', 'stim3']","['ladybug', 'bluebird', 'duck', 'hog', 'goat', 'giraffe', 'elephant', 'dolphin']",S4,1,2021_Sep_23_1336,image_exp,3.2.4,59.99433042
frog,ant,duck,hog,cat,bat,bear,turkey,sparrow,"['stim1', 'stim2', 'stim7', 'stim8', 'stim5', 'stim3', 'stim4', 'stim6']","['ant', 'duck', 'turkey', 'sparrow', 'bat', 'hog', 'cat', 'bear']",S4,1,2021_Sep_23_1336,image_exp,3.2.4,59.99433042
monkey,whale,sheep,snail,spider,eagle,butterfly,bluebird,pigeon,"['stim1', 'stim2', 'stim5', 'stim8', 'stim7', 'stim3', 'stim6', 'stim4']","['whale', 'sheep', 'eagle', 'pigeon', 'bluebird', 'snail', 'butterfly', 'spider']",S4,1,2021_Sep_23_1336,image_exp,3.2.4,59.99433042
cow,goldfish,tiger,sparrow,rat,turkey,frog,lizard,eagle,"['stim4', 'stim2', 'stim5', 'stim8', 'stim6', 'stim7', 'stim3', 'stim1']","['rat', 'tiger', 'turkey', 'eagle', 'frog', 'lizard', 'sparrow', 'goldfish']",S4,1,2021_Sep_23_1336,image_exp,3.2.4,59.99433042
hog,goat,sparrow,fox,turkey,horse,goldfish,bear,ladybug,"['stim1', 'stim5', 'stim3', 'stim7', 'stim4', 'stim2', 'stim8', 'stim6']","['goat', 'horse', 'fox', 'bear', 'turkey', 'sparrow', 'ladybug', 'goldfish']",S4,1,2021_Sep_23_1336,image_exp,3.2.4,59.99433042
goat,turtle,bear,cow,ladybug,eagle,hog,whale,ant,"['stim6', 'stim3', 'stim2', 'stim7', 'stim5', 'stim1', 'stim8', 'stim4']","['hog', 'cow', 'bear', 'whale', 'eagle', 'turtle', 'ant', 'ladybug']",S4,1,2021_Sep_23_1336,image_exp,3.2.4,59.99433042
sheep,tiger,owl,elephant,bluebird,shark,mouse,snake,cat,"['stim8', 'stim6', 'stim3', 'stim1', 'stim2', 'stim4', 'stim7', 'stim5']","['cat', 'mouse', 'elephant', 'tiger', 'owl', 'bluebird', 'snake', 'shark']",S4,1,2021_Sep_23_1336,image_exp,3.2.4,59.99433042
sparrow,owl,goldfish,butterfly,dolphin,goat,dog,ladybug,fox,"['stim1', 'stim3', 'stim7', 'stim5', 'stim6', 'stim8', 'stim2', 'stim4']","['owl', 'butterfly', 'ladybug', 'goat', 'dog', 'fox', 'goldfish', 'dolphin']",S4,1,2021_Sep_23_1336,image_exp,3.2.4,59.99433042
rat,elephant,giraffe,pigeon,snake,snail,bear,butterfly,ant,"['stim3', 'stim2', 'stim6', 'stim5', 'stim8', 'stim4', 'stim1', 'stim7']","['pigeon', 'giraffe', 'bear', 'snail', 'ant', 'snake', 'elephant', 'butterfly']",S4,1,2021_Sep_23_1336,image_exp,3.2.4,59.99433042
dog,giraffe,bear,frog,butterfly,bluebird,elephant,lizard,eagle,"['stim2', 'stim1', 'stim6', 'stim7', 'stim3', 'stim8', 'stim5', 'stim4']","['bear', 'giraffe', 'elephant', 'lizard', 'frog', 'eagle', 'bluebird', 'butterfly']",S4,1,2021_Sep_23_1336,image_exp,3.2.4,59.99433042
turtle,ladybug,monkey,fox,frog,bat,tiger,dolphin,mouse,"['stim4', 'stim1', 'stim8', 'stim3', 'stim5', 'stim7', 'stim2', 'stim6']","['frog', 'ladybug', 'mouse', 'fox', 'bat', 'dolphin', 'monkey', 'tiger']",S4,1,2021_Sep_23_1336,image_exp,3.2.4,59.99433042
hog,sparrow,elephant,owl,bluebird,mouse,bear,snail,cat,"['stim8', 'stim5', 'stim2', 'stim6', 'stim3', 'stim1', 'stim4', 'stim7']","['cat', 'mouse', 'elephant', 'bear', 'owl', 'sparrow', 'bluebird', 'snail']",S4,1,2021_Sep_23_1336,image_exp,3.2.4,59.99433042
duck,giraffe,mouse,turtle,shark,crocodile,spider,dog,cow,"['stim2', 'stim3', 'stim5', 'stim7', 'stim8', 'stim1', 'stim6', 'stim4']","['mouse', 'turtle', 'crocodile', 'dog', 'cow', 'giraffe', 'spider', 'shark']",S4,1,2021_Sep_23_1336,image_exp,3.2.4,59.99433042
dog,rat,goldfish,fox,turtle,sparrow,horse,snail,shark,"['stim6', 'stim3', 'stim1', 'stim4', 'stim5', 'stim7', 'stim2', 'stim8']","['horse', 'fox', 'rat', 'turtle', 'sparrow', 'snail', 'goldfish', 'shark']",S4,1,2021_Sep_23_1336,image_exp,3.2.4,59.99433042
horse,dog,duck,mouse,frog,tiger,lizard,shark,butterfly,"['stim1', 'stim3', 'stim5', 'stim2', 'stim6', 'stim4', 'stim7', 'stim8']","['dog', 'mouse', 'tiger', 'duck', 'lizard', 'frog', 'shark', 'butterfly']",S4,1,2021_Sep_23_1336,image_exp,3.2.4,59.99433042
turtle,goat,turkey,cow,shark,elephant,giraffe,bluebird,crocodile,"['stim8', 'stim2', 'stim1', 'stim3', 'stim6', 'stim5', 'stim7', 'stim4']","['crocodile', 'turkey', 'goat', 'cow', 'giraffe', 'elephant', 'bluebird', 'shark']",S4,1,2021_Sep_23_1336,image_exp,3.2.4,59.99433042
snail,spider,dolphin,cat,monkey,cow,ant,rat,tiger,"['stim6', 'stim1', 'stim7', 'stim5', 'stim3', 'stim2', 'stim4', 'stim8']","['ant', 'spider', 'rat', 'cow', 'cat', 'dolphin', 'monkey', 'tiger']",S4,1,2021_Sep_23_1336,image_exp,3.2.4,59.99433042
whale,ant,dolphin,butterfly,owl,lizard,cow,duck,shark,"['stim2', 'stim8', 'stim6', 'stim5', 'stim1', 'stim7', 'stim3', 'stim4']","['dolphin', 'shark', 'cow', 'lizard', 'ant', 'duck', 'butterfly', 'owl']",S4,1,2021_Sep_23_1336,image_exp,3.2.4,59.99433042
horse,owl,dolphin,cat,pigeon,turtle,ladybug,rat,snail,"['stim2', 'stim3', 'stim7', 'stim5', 'stim1', 'stim4', 'stim6', 'stim8']","['dolphin', 'cat', 'rat', 'turtle', 'owl', 'pigeon', 'ladybug', 'snail']",S4,1,2021_Sep_23_1336,image_exp,3.2.4,59.99433042
goat,butterfly,bear,turtle,shark,snake,cat,crocodile,bluebird,"['stim6', 'stim2', 'stim7', 'stim3', 'stim8', 'stim5', 'stim1', 'stim4']","['cat', 'bear', 'crocodile', 'turtle', 'bluebird', 'snake', 'butterfly', 'shark']",S4,1,2021_Sep_23_1336,image_exp,3.2.4,59.99433042
sheep,goldfish,cow,elephant,bat,duck,butterfly,ant,bluebird,"['stim2', 'stim3', 'stim4', 'stim5', 'stim8', 'stim7', 'stim6', 'stim1']","['cow', 'elephant', 'bat', 'duck', 'bluebird', 'ant', 'butterfly', 'goldfish']",S4,1,2021_Sep_23_1336,image_exp,3.2.4,59.99433042
lizard,bat,frog,turkey,crocodile,shark,snake,sparrow,turtle,"['stim2', 'stim6', 'stim4', 'stim1', 'stim8', 'stim3', 'stim7', 'stim5']","['frog', 'snake', 'crocodile', 'bat', 'turtle', 'turkey', 'sparrow', 'shark']",S4,1,2021_Sep_23_1336,image_exp,3.2.4,59.99433042
cat,ant,turkey,tiger,hog,giraffe,snail,bat,bluebird,"['stim3', 'stim4', 'stim5', 'stim7', 'stim2', 'stim8', 'stim1', 'stim6']","['tiger', 'hog', 'giraffe', 'bat', 'turkey', 'bluebird', 'ant', 'snail']",S4,1,2021_Sep_23_1336,image_exp,3.2.4,59.99433042
owl,duck,fox,snake,goat,horse,bat,hog,whale,"['stim1', 'stim6', 'stim7', 'stim4', 'stim2', 'stim5', 'stim3', 'stim8']","['duck', 'bat', 'hog', 'goat', 'fox', 'horse', 'snake', 'whale']",S4,1,2021_Sep_23_1336,image_exp,3.2.4,59.99433042
giraffe,goat,monkey,turkey,ladybug,pigeon,crocodile,bat,duck,"['stim2', 'stim1', 'stim6', 'stim3', 'stim7', 'stim5', 'stim8', 'stim4']","['monkey', 'goat', 'crocodile', 'turkey', 'bat', 'pigeon', 'duck', 'ladybug']",S4,1,2021_Sep_23_1336,image_exp,3.2.4,59.99433042
pigeon,giraffe,crocodile,frog,whale,bear,ladybug,sheep,fox,"['stim7', 'stim8', 'stim3', 'stim2', 'stim6', 'stim1', 'stim5', 'stim4']","['sheep', 'fox', 'frog', 'crocodile', 'ladybug', 'giraffe', 'bear', 'whale']",S4,1,2021_Sep_23_1336,image_exp,3.2.4,59.99433042
lizard,frog,snake,butterfly,monkey,sheep,bluebird,duck,mouse,"['stim1', 'stim2', 'stim7', 'stim8', 'stim6', 'stim5', 'stim4', 'stim3']","['frog', 'snake', 'duck', 'mouse', 'bluebird', 'sheep', 'monkey', 'butterfly']",S4,1,2021_Sep_23_1336,image_exp,3.2.4,59.99433042
eagle,snake,fox,dog,ladybug,horse,ant,elephant,owl,"['stim8', 'stim3', 'stim2', 'stim4', 'stim5', 'stim7', 'stim1', 'stim6']","['owl', 'dog', 'fox', 'ladybug', 'horse', 'elephant', 'snake', 'ant']",S4,1,2021_Sep_23_1336,image_exp,3.2.4,59.99433042
ant,dolphin,lizard,frog,crocodile,turtle,bear,turkey,bluebird,"['stim2', 'stim3', 'stim5', 'stim8', 'stim7', 'stim4', 'stim6', 'stim1']","['lizard', 'frog', 'turtle', 'bluebird', 'turkey', 'crocodile', 'bear', 'dolphin']",S4,1,2021_Sep_23_1336,image_exp,3.2.4,59.99433042
frog,goldfish,butterfly,fox,lizard,sheep,spider,snail,dog,"['stim4', 'stim1', 'stim7', 'stim5', 'stim8', 'stim3', 'stim6', 'stim2']","['lizard', 'goldfish', 'snail', 'sheep', 'dog', 'fox', 'spider', 'butterfly']",S4,1,2021_Sep_23_1336,image_exp,3.2.4,59.99433042
pigeon,monkey,dog,bat,ant,butterfly,sparrow,duck,dolphin,"['stim6', 'stim7', 'stim3', 'stim2', 'stim1', 'stim4', 'stim5', 'stim8']","['sparrow', 'duck', 'bat', 'dog', 'monkey', 'ant', 'butterfly', 'dolphin']",S4,1,2021_Sep_23_1336,image_exp,3.2.4,59.99433042
mouse,dog,horse,tiger,ant,snail,duck,pigeon,shark,"['stim7', 'stim6', 'stim1', 'stim2', 'stim4', 'stim5', 'stim3', 'stim8']","['pigeon', 'duck', 'dog', 'horse', 'ant', 'snail', 'tiger', 'shark']",S4,1,2021_Sep_23_1336,image_exp,3.2.4,59.99433042
spider,eagle,pigeon,crocodile,goldfish,shark,bear,whale,butterfly,"['stim8', 'stim3', 'stim4', 'stim2', 'stim1', 'stim6', 'stim7', 'stim5']","['butterfly', 'crocodile', 'goldfish', 'pigeon', 'eagle', 'bear', 'whale', 'shark']",S4,1,2021_Sep_23_1336,image_exp,3.2.4,59.99433042
cow,duck,ladybug,frog,pigeon,shark,snake,goldfish,bat,"['stim8', 'stim1', 'stim3', 'stim4', 'stim6', 'stim5', 'stim7', 'stim2']","['bat', 'duck', 'frog', 'pigeon', 'snake', 'shark', 'goldfish', 'ladybug']",S4,1,2021_Sep_23_1336,image_exp,3.2.4,59.99433042
bear,snail,butterfly,goat,goldfish,pigeon,bat,frog,cat,"['stim3', 'stim8', 'stim6', 'stim7', 'stim5', 'stim1', 'stim2', 'stim4']","['goat', 'cat', 'bat', 'frog', 'pigeon', 'snail', 'butterfly', 'goldfish']",S4,1,2021_Sep_23_1336,image_exp,3.2.4,59.99433042
rat,dolphin,crocodile,monkey,ladybug,duck,turtle,owl,goldfish,"['stim3', 'stim5', 'stim2', 'stim7', 'stim1', 'stim6', 'stim4', 'stim8']","['monkey', 'duck', 'crocodile', 'owl', 'dolphin', 'turtle', 'ladybug', 'goldfish']",S4,1,2021_Sep_23_1336,image_exp,3.2.4,59.99433042
pigeon,ladybug,tiger,turtle,snail,horse,eagle,spider,whale,"['stim6', 'stim3', 'stim1', 'stim4', 'stim5', 'stim2', 'stim7', 'stim8']","['eagle', 'turtle', 'ladybug', 'snail', 'horse', 'tiger', 'spider', 'whale']",S4,1,2021_Sep_23_1336,image_exp,3.2.4,59.99433042
turkey,hog,frog,rat,bear,spider,whale,horse,monkey,"['stim3', 'stim1', 'stim7', 'stim2', 'stim4', 'stim8', 'stim5', 'stim6']","['rat', 'hog', 'horse', 'frog', 'bear', 'monkey', 'spider', 'whale']",S4,1,2021_Sep_23_1336,image_exp,3.2.4,59.99433042
bear,hog,turtle,sheep,dolphin,bluebird,mouse,duck,turkey,"['stim4', 'stim3', 'stim1', 'stim6', 'stim8', 'stim7', 'stim5', 'stim2']","['dolphin', 'sheep', 'hog', 'mouse', 'turkey', 'duck', 'bluebird', 'turtle']",S4,1,2021_Sep_23_1336,image_exp,3.2.4,59.99433042
owl,dog,turtle,crocodile,giraffe,cat,spider,rat,lizard,"['stim7', 'stim5', 'stim1', 'stim8', 'stim2', 'stim4', 'stim3', 'stim6']","['rat', 'cat', 'dog', 'lizard', 'turtle', 'giraffe', 'crocodile', 'spider']",S4,1,2021_Sep_23_1336,image_exp,3.2.4,59.99433042
owl,eagle,bear,monkey,rat,dog,butterfly,dolphin,frog,"['stim1', 'stim4', 'stim5', 'stim8', 'stim6', 'stim2', 'stim3', 'stim7']","['eagle', 'rat', 'dog', 'frog', 'butterfly', 'bear', 'monkey', 'dolphin']",S4,1,2021_Sep_23_1336,image_exp,3.2.4,59.99433042
monkey,giraffe,rat,cow,duck,ant,shark,fox,tiger,"['stim1', 'stim2', 'stim7', 'stim3', 'stim8', 'stim4', 'stim6', 'stim5']","['giraffe', 'rat', 'fox', 'cow', 'tiger', 'duck', 'shark', 'ant']",S4,1,2021_Sep_23_1336,image_exp,3.2.4,59.99433042
turtle,giraffe,butterfly,spider,crocodile,frog,horse,hog,fox,"['stim5', 'stim4', 'stim7', 'stim8', 'stim6', 'stim1', 'stim2', 'stim3']","['frog', 'crocodile', 'hog', 'fox', 'horse', 'giraffe', 'butterfly', 'spider']",S4,1,2021_Sep_23_1336,image_exp,3.2.4,59.99433042
elephant,snake,dog,mouse,giraffe,spider,bluebird,bat,monkey,"['stim2', 'stim4', 'stim8', 'stim3', 'stim7', 'stim1', 'stim6', 'stim5']","['dog', 'giraffe', 'monkey', 'mouse', 'bat', 'snake', 'bluebird', 'spider']",S4,1,2021_Sep_23_1336,image_exp,3.2.4,59.99433042
cow,duck,snail,goat,whale,sheep,shark,crocodile,spider,"['stim5', 'stim3', 'stim4', 'stim7', 'stim1', 'stim2', 'stim8', 'stim6']","['sheep', 'goat', 'whale', 'crocodile', 'duck', 'snail', 'spider', 'shark']",S4,1,2021_Sep_23_1336,image_exp,3.2.4,59.99433042
dolphin,frog,cow,duck,spider,bluebird,turtle,tiger,ant,"['stim2', 'stim7', 'stim6', 'stim1', 'stim3', 'stim5', 'stim8', 'stim4']","['cow', 'tiger', 'turtle', 'frog', 'duck', 'bluebird', 'ant', 'spider']",S4,1,2021_Sep_23_1336,image_exp,3.2.4,59.99433042
ant,sheep,lizard,whale,mouse,dog,dolphin,bat,shark,"['stim2', 'stim4', 'stim7', 'stim1', 'stim5', 'stim6', 'stim3', 'stim8']","['lizard', 'mouse', 'bat', 'sheep', 'dog', 'dolphin', 'whale', 'shark']",S4,1,2021_Sep_23_1336,image_exp,3.2.4,59.99433042
ladybug,eagle,duck,spider,goat,bear,tiger,whale,elephant,"['stim3', 'stim2', 'stim1', 'stim4', 'stim8', 'stim5', 'stim7', 'stim6']","['spider', 'duck', 'eagle', 'goat', 'elephant', 'bear', 'whale', 'tiger']",S4,1,2021_Sep_23_1336,image_exp,3.2.4,59.99433042
ladybug,lizard,shark,ant,goldfish,bluebird,bat,cat,owl,"['stim3', 'stim1', 'stim5', 'stim4', 'stim6', 'stim8', 'stim7', 'stim2']","['ant', 'lizard', 'bluebird', 'goldfish', 'bat', 'owl', 'cat', 'shark']",S4,1,2021_Sep_23_1336,image_exp,3.2.4,59.99433042
goldfish,spider,monkey,hog,lizard,whale,cow,cat,elephant,"['stim5', 'stim4', 'stim1', 'stim7', 'stim3', 'stim6', 'stim8', 'stim2']","['whale', 'lizard', 'spider', 'cat', 'hog', 'cow', 'elephant', 'monkey']",S4,1,2021_Sep_23_1336,image_exp,3.2.4,59.99433042